{"cameraMode":{"drawMode":0,"name":"Shaded","section":"Shading Mode"},"sceneLighting":false,"audioPlay":false,"sceneViewState":{"showFog":true,"showMaterialUpdate":false,"showSkybox":false,"showFlares":true,"showImageEffects":true,"showParticleSystems":true},"in2DMode":false,"pivot":{"x":5.03063440322876,"y":4.1573591232299809,"z":-2.7746622562408449},"rotation":{"x":0.011516750790178776,"y":0.8994808197021484,"z":-0.4361642301082611,"w":0.0237500611692667},"size":2.8208274841308595,"orthographic":false}