{"cameraMode":{"drawMode":0,"name":"Shaded","section":"Shading Mode"},"sceneLighting":false,"audioPlay":false,"sceneViewState":{"showFog":true,"showMaterialUpdate":false,"showSkybox":false,"showFlares":true,"showImageEffects":true,"showParticleSystems":true},"in2DMode":false,"pivot":{"x":6.1071906089782719,"y":12.16739559173584,"z":-4.58747673034668},"rotation":{"x":0.21220141649246217,"y":-0.5714308619499207,"z":0.15600864589214326,"w":0.7772475481033325},"size":1.6888962984085084,"orthographic":false}