{"cameraMode":{"drawMode":0,"name":"Shaded","section":"Shading Mode"},"sceneLighting":true,"audioPlay":false,"sceneViewState":{"showFog":true,"showMaterialUpdate":false,"showSkybox":true,"showFlares":true,"showImageEffects":true,"showParticleSystems":true},"in2DMode":false,"pivot":{"x":-9.755884170532227,"y":33.863929748535159,"z":14.612358093261719},"rotation":{"x":-0.09464552998542786,"y":-0.9022135734558106,"z":0.3345237970352173,"w":-0.255260705947876},"size":2.1598453521728517,"orthographic":false}