{"cameraMode":{"drawMode":0,"name":"Shaded","section":"Shading Mode"},"sceneLighting":false,"audioPlay":false,"sceneViewState":{"showFog":true,"showMaterialUpdate":false,"showSkybox":false,"showFlares":true,"showImageEffects":true,"showParticleSystems":true},"in2DMode":false,"pivot":{"x":11.170000076293946,"y":2.691377639770508,"z":-7.029999732971191},"rotation":{"x":0.036267802119255069,"y":0.9189038872718811,"z":-0.38309672474861147,"w":0.08700182288885117},"size":2.7195918560028078,"orthographic":false}