{"cameraMode":{"drawMode":0,"name":"Shaded","section":"Shading Mode"},"sceneLighting":false,"audioPlay":false,"sceneViewState":{"showFog":true,"showMaterialUpdate":false,"showSkybox":false,"showFlares":true,"showImageEffects":true,"showParticleSystems":true},"in2DMode":false,"pivot":{"x":1.0631715059280396,"y":1.8538575172424317,"z":-2.227492570877075},"rotation":{"x":-0.016418108716607095,"y":-0.9461619257926941,"z":0.31961241364479067,"w":-0.04860199615359306},"size":1.6888962984085084,"orthographic":false}